CODE,Numero,Nom,Prénom,Date de naissance,Classe,Matieres,Moyenne
AAD004,JD7LO99,SOW,Mariama,12/18/2017,4eme B,"{'Math': [4.0, 3.0, 5.0, 4.0], 'Francais': [15.0, 16.0, 14.0, 15.0], 'Anglais': [15.0, 16.0, 17.0, 16.0], 'PC': [4.0, 3.0, 7.0, 4.67], 'SVT': [12.0, 9.0, 10.0, 10.33], 'HG': [16.0, 15.0, 17.0, 16.0]}",11.0
AAD004,LIHGFR0,Diallo,Nourou,02/01/12,6emA,"{'Math': [14.0, 15.0, 10.0, 13.0], 'Francais': [12.0, 13.0, 13.0, 12.67], 'Anglais': [15.0, 16.0, 17.0, 16.0], 'PC': [14.0, 13.0, 7.0, 11.33], 'SVT': [15.0, 19.0, 10.0, 14.67], 'HG': [13.0, 12.0, 15.0, 13.33]}",13.5
AAD005,40DKG6T,Diallo,awa,21/10/04,6emA,"{'PC': [17.0, 20.0, 18.0, 15.0, 17.5], 'Math': [15.0, 16.0, 15.0, 13.0, 17.0, 15.2], 'Francais': [11.0, 13.0, 12.0], 'Anglais': [14.0, 13.0, 13.5], 'SVT': [13.0, 11.0, 15.0, 11.0, 12.0, 12.4], 'HG': [15.0, 13.0, 14.0]}",14.1
AAD005,44DSW78,Ndiaye,Sidy,19/01/05,4emB,"{'PC': [7.0, 10.0, 9.0, 10.0, 9.0], 'Math': [11.0, 10.0, 12.0, 10.0, 10.75], 'Francais': [14.0, 15.0, 14.5], 'Anglais': [14.0, 14.0, 14.0], 'SVT': [14.0, 12.0, 10.0, 10.0, 11.5], 'HG': [14.0, 14.0, 14.0]}",12.29
AAD005,20LH7BG,FAYE,Fallou,19/04/02,4emA,"{'PC': [8.0, 13.0, 11.0, 12.0, 11.0], 'Math': [10.0, 10.0, 10.0, 11.0, 10.0, 10.2], 'Francais': [12.0, 13.0, 12.5], 'Anglais': [10.0, 11.0, 10.5], 'SVT': [12.0, 15.0, 10.0, 9.0, 10.0, 11.2], 'HG': [8.0, 10.0, 9.0]}",10.73
AAD005,8D805GT,Diop,Seyni,29/09/05,3emA,"{'Math': [10.0, 11.0, 15.0, 12.0], 'Francais': [7.0, 12.0, 8.0, 13.0, 10.0], 'Anglais': [13.0, 5.0, 9.0, 15.0, 10.5], 'PC': [11.0, 9.0, 10.0], 'SVT': [12.0, 9.0, 16.0, 11.0, 12.0, 12.0], 'HG': [10.0, 13.0, 11.5]}",11.0
AAD005,9HBW36T,Ba,Aliou,01/01/06,5emA,"{'Math': [15.0, 16.0, 15.0, 15.33], 'Francais': [10.0, 11.0, 10.0, 9.0, 10.0], 'Anglais': [14.0, 12.0, 13.0, 15.0, 13.5], 'PC': [15.0, 15.0, 15.0], 'SVT': [12.0, 10.0, 17.0, 13.0, 12.0, 12.8], 'HG': [17.0, 14.0, 15.5]}",13.69
AAD005,W8NNJ6T,Ndoye,Ousmane,09/04/04,5emB,"{'Math': [20.0, 18.0, 18.0, 18.67], 'Francais': [12.0, 14.0, 14.0, 13.0, 13.25], 'Anglais': [15.0, 16.0, 16.0, 14.0, 15.25], 'PC': [17.0, 18.0, 17.5], 'SVT': [14.0, 15.0, 15.0, 16.0, 14.0, 14.8], 'HG': [13.0, 16.0, 14.5]}",15.66
AAD005,23YLTXT,Baal,Thierno,22/01/06,3emA,"{'PC': [13.0, 11.0, 13.0, 12.33], 'Math': [12.0, 14.0, 15.0, 8.0, 12.25], 'Francais': [11.0, 11.0, 11.0], 'Anglais': [12.0, 14.0, 13.0], 'SVT': [12.0, 12.0, 10.0, 10.0, 11.0], 'HG': [8.0, 10.0, 9.0]}",11.43
AAD005,48DKG8T,Baal,Boubou,26/04/03,4emB,"{'PC': [17.0, 11.0, 8.0, 11.0, 11.75], 'Math': [12.0, 10.0, 11.0, 15.0, 12.0], 'Francais': [12.0, 16.0, 14.0], 'Anglais': [12.0, 12.0, 12.0], 'SVT': [13.0, 15.0, 11.0, 14.0, 13.25], 'HG': [12.0, 17.0, 14.5]}",12.92
AAD005,Q7XVP6G,Seck,Bineta,12/02/05,3emA,"{'PC': [14.0, 8.0, 16.0, 12.67], 'Math': [12.0, 16.0, 11.0, 12.0, 12.75], 'Francais': [13.0, 16.0, 14.5], 'Anglais': [10.0, 10.0, 10.0], 'SVT': [13.0, 13.0, 12.0, 8.0, 11.5], 'HG': [10.0, 9.0, 9.5]}",11.82
AAD005,M67KQV7,Correa,Albert,26/12/03,6emA,"{'PC': [11.0, 10.0, 9.0, 10.0, 10.0], 'Math': [11.0, 10.0, 12.0, 10.0, 10.75], 'Francais': [10.0, 9.0, 9.5], 'Anglais': [12.0, 111.0, 61.5], 'SVT': [10.0, 12.0, 8.0, 12.0, 10.5], 'HG': [11.0, 13.0, 12.0]}",19.04
AAD007,H18AC4W,BA,Mouhamed,14/01/05,6emA,"{'Math': [10.0, 11.0, 15.0, 12.0], 'Francais': [7.0, 12.0, 8.0, 13.0, 10.0], 'Anglais': [13.0, 5.0, 9.0, 15.0, 10.5], 'PC': [11.0, 9.0, 10.0], 'SVT': [12.0, 9.0, 16.0, 11.0, 12.0, 12.0], 'HG': [10.0, 13.0, 11.5]}",11.0
AAD007,EPJHQQ5,DIAW,Fallou,12/08/06,3eme B,"{'PC': [11.0, 9.0, 10.0], 'Math': [12.0, 14.0, 5.0, 11.0, 13.0, 11.0], 'Francais': [14.0, 12.0, 13.0, 13.0], 'Anglais': [12.0, 8.0, 15.0, 11.67], 'SVT': [10.0, 9.0, 16.0, 13.0, 12.0, 12.0], 'HG': [10.0, 16.0, 13.0]}",11.78
AAD007,KM729R9,NDIAYE,Marie,19/02/07,3eme A,"{'PC': [11.0, 9.0, 10.0], 'Math': [12.0, 14.0, 5.0, 11.0, 13.0, 11.0], 'Francais': [4.0, 11.0, 13.0, 9.33], 'Anglais': [13.0, 8.0, 15.0, 12.0], 'SVT': [12.0, 9.0, 16.0, 11.0, 12.0, 12.0], 'HG': [11.0, 13.0, 12.0]}",11.05
AAD007,Q7U2XFP,DEME,Abdou,16/01/04,4 eme A,"{'Math': [10.0, 14.0, 5.0, 11.0, 13.0, 16.0, 11.5], 'PC': [11.0, 9.0, 10.0], 'Francais': [4.0, 11.0, 13.0, 9.33], 'SVT': [12.0, 9.0, 16.0, 11.0, 12.0, 12.0], 'HG': [10.0, 13.0, 11.5], 'Anglais': [13.0, 5.0, 15.0, 11.0]}",10.89
AAD007,0747PMJ,Ndao,Baye Ndiaga,08/08/08,5em B,"{'SVT': [13.0, 9.0, 11.0, 14.0, 11.75], 'HG': [10.0, 13.0, 11.5], 'Math': [12.0, 14.0, 5.0, 11.0, 13.0, 11.0], 'Francais': [8.0, 11.0, 13.0, 10.67], 'Anglais': [13.0, 5.0, 15.0, 11.0], 'PC': [13.0, 11.0, 9.0, 11.0]}",11.15
AAD007,18G9C4L,DIEYE,Abdoulaye,01/01/02,6emB,"{'PC': [11.0, 9.0, 10.0], 'Math': [12.0, 14.0, 5.0, 11.0, 13.0, 11.0], 'Francais': [4.0, 11.0, 13.0, 9.33], 'Anglais': [13.0, 8.0, 15.0, 12.0], 'SVT': [12.0, 9.0, 16.0, 11.0, 12.0, 12.0], 'HG': [11.0, 13.0, 12.0]}",11.05
AAD007,UQI7FN8,Cyrille ,Keys,07/11/07,4 em A,"{'Math': [9.0, 10.0, 5.0, 11.0, 13.0, 16.0, 10.67], 'PC': [12.0, 19.0, 15.5], 'Francais': [10.0, 11.0, 13.0, 11.33], 'SVT': [15.0, 9.0, 16.0, 11.0, 12.0, 12.6], 'HG': [13.0, 13.0, 13.0], 'Anglais': [13.0, 12.0, 15.0, 13.33]}",12.74
AAD007,9H37AKZ,LOW,Joakim,20/12/02,4em A,"{'PC': [11.0, 9.0, 10.0], 'Math': [12.0, 14.0, 5.0, 11.0, 13.0, 11.0], 'Francais': [14.0, 12.0, 13.0, 13.0], 'Anglais': [12.0, 8.0, 15.0, 11.67], 'SVT': [10.0, 9.0, 16.0, 13.0, 12.0, 12.0], 'HG': [10.0, 16.0, 13.0]}",11.78
AAD007,6691DTO,Ndour,Karin,07/07/03,5 eme B,"{'SVT': [15.0, 11.0, 11.0, 12.0, 12.25], 'HG': [6.0, 16.0, 11.0], 'Math': [10.0, 14.0, 9.0, 11.0, 17.0, 12.2], 'Francais': [8.0, 13.0, 13.0, 11.33], 'Anglais': [18.0, 5.0, 15.0, 12.67], 'PC': [7.0, 11.0, 9.0, 9.0]}",11.41
AAD007,8YM0304,KIBINDA,Iniess,15/08/05,6 em A,"{'Math': [10.0, 11.0, 15.0, 12.0], 'Francais': [7.0, 9.0, 8.0, 13.0, 9.25], 'Anglais': [10.0, 5.0, 9.0, 15.0, 9.75], 'PC': [10.0, 11.0, 10.5], 'SVT': [12.0, 11.0, 16.0, 8.0, 12.0, 11.8], 'HG': [10.0, 10.0, 10.0]}",10.55
AAD22,PONAAC0,Tine,Jean,18/05/04,3eme A,"{'PC': [11.0, 9.0, 10.0], 'Math': [12.0, 14.0, 5.0, 11.0, 13.0, 11.0], 'Francais': [14.0, 12.0, 13.0, 13.0], 'Anglais': [12.0, 8.0, 15.0, 11.67], 'SVT': [10.0, 9.0, 16.0, 13.0, 12.0, 12.0], 'HG': [10.0, 16.0, 13.0]}",11.78
AAD22,27WERUG,Fall,Ouley,16/11/05,3eme B,"{'PC': [11.0, 19.0, 15.0], 'Math': [2.0, 10.0, 5.0, 11.0, 13.0, 8.2], 'Francais': [14.0, 11.0, 13.0, 12.67], 'Anglais': [3.0, 8.0, 10.0, 7.0], 'SVT': [12.0, 9.0, 16.0, 11.0, 10.0, 11.6], 'HG': [11.0, 15.0, 13.0]}",11.24
AAD22,HDCB2G7,Ndaw,Ousmane,14/08/00,4eme B,"{'PC': [11.0, 19.0, 15.0], 'Math': [12.0, 14.0, 5.0, 11.0, 3.0, 9.0], 'Francais': [14.0, 11.0, 13.0, 12.67], 'Anglais': [13.0, 8.0, 5.0, 8.67], 'SVT': [12.0, 19.0, 16.0, 11.0, 19.0, 15.4], 'HG': [11.0, 10.0, 10.5]}",11.87
AAD22,GC4BDQ7,Sarr,Oumi,17/06/03,3eme A,"{'Math': [10.0, 14.0, 5.0, 11.0, 15.0, 17.0, 12.0], 'PC': [11.0, 9.0, 10.0], 'Francais': [16.0, 11.0, 13.0, 13.33], 'SVT': [12.0, 9.0, 14.0, 11.0, 12.0, 11.6], 'HG': [15.0, 11.0, 13.0], 'Anglais': [13.0, 5.0, 15.0, 11.0]}",11.82
AAD22,BK63HBS,Gueye,Astou,28/02/12,3eme A,"{'SVT': [15.0, 11.0, 11.0, 12.0, 12.25], 'HG': [6.0, 16.0, 11.0], 'Math': [10.0, 14.0, 9.0, 11.0, 17.0, 12.2], 'Francais': [8.0, 13.0, 13.0, 11.33], 'Anglais': [18.0, 5.0, 15.0, 12.67], 'PC': [7.0, 11.0, 9.0, 9.0]}",11.41
ABD009,SDFTY34,Senir,Mbol,24/02/15,4eme B,"{'Math': [1.0, 5.0, 8.0, 4.67], 'Francais': [10.0, 9.0, 18.0, 10.0, 11.75], 'Anglais': [10.0, 9.0, 9.0, 15.0, 10.75], 'PC': [17.0, 11.0, 14.0], 'SVT': [10.0, 20.0, 16.0, 10.0, 9.0, 13.0], 'HG': [6.0, 10.0, 8.0]}",10.36
ABD009,ZRDFD4S,Ndiareme,Sylla,03/09/05,3eme A,"{'Math': [1.0, 4.0, 15.0, 6.67], 'Francais': [0.0, 19.0, 8.0, 10.0, 9.25], 'Anglais': [2.0, 19.0, 1.0, 5.0, 6.75], 'PC': [10.0, 11.0, 10.5], 'SVT': [10.0, 20.0, 16.0, 10.0, 9.0, 13.0], 'HG': [9.0, 1.0, 5.0]}",8.53
ABD009,DFGE67T,Mbor,Tounkho,17/10/01,5eme B,"{'Math': [10.0, 4.0, 5.0, 6.33], 'Francais': [12.0, 19.0, 18.0, 10.0, 14.75], 'Anglais': [10.0, 9.0, 9.0, 4.0, 8.0], 'PC': [10.0, 11.0, 10.5], 'SVT': [10.0, 10.0, 8.0, 10.0, 9.0, 9.4], 'HG': [9.0, 17.0, 13.0]}",10.33
ABD009,56GFSE6,Awa,Samaké,30/09/05,5eme B,"{'Math': [1.0, 4.0, 7.0, 4.0], 'Francais': [1.0, 9.0, 18.0, 10.0, 9.5], 'Anglais': [10.0, 9.0, 9.0, 9.0, 9.25], 'PC': [10.0, 11.0, 10.5], 'SVT': [10.0, 20.0, 16.0, 10.0, 9.0, 13.0], 'HG': [9.0, 10.0, 9.5]}",9.29
ABD009,RTGHSDG,Ndol,Gueye,30/09/06,5eme B,"{'Math': [10.0, 4.0, 15.0, 9.67], 'Francais': [11.0, 1.0, 17.0, 10.0, 9.75], 'Anglais': [8.0, 9.0, 5.0, 14.0, 9.0], 'PC': [17.0, 11.0, 14.0], 'SVT': [15.0, 10.0, 6.0, 8.0, 5.0, 8.8], 'HG': [9.0, 16.0, 12.5]}",10.62
ABN018,QBN34UI,Moose,Rodriguez,01-22-1999,5eme B,"{'Français': [12.0, 14.0, 15.0, 13.67], 'Anglais': [16.0, 18.0, 19.0, 17.67], 'SVT': [10.0, 11.0, 9.0, 10.0], 'HG': [12.0, 11.0, 17.0, 13.33], 'Science_Physique': [15.0, 17.0, 18.0, 16.67], 'Math': [13.0, 17.0, 16.0, 15.33]}",14.45
ABN018,PONAAM0,Mayoro,Diop,14 05 2002,6emeB,"{'Français': [12.0, 8.0, 17.0, 12.33], 'Anglais': [15.0, 19.0, 17.0, 17.0], 'SVT': [18.0, 16.0, 17.0, 17.0], 'HG': [18.0, 13.0, 17.0, 16.0], 'Science_Physique': [13.0, 13.0, 12.0, 12.67], 'Math': [15.0, 14.0, 15.0, 14.67]}",14.95
AFD006,2022HEC,SYLLA,Gallas,02/03/00,6èmeA,"{'Math': [9.0, 15.0, 19.0, 14.33], 'Français': [10.0, 12.0, 13.0, 11.67], 'Anglais': [18.0, 14.0, 19.0, 17.0], 'PC': [9.0, 10.0, 12.0, 10.33], 'SVT': [3.0, 11.0, 16.0, 10.0], 'HG': [12.0, 14.0, 13.0]}",12.72
AFD006,2017ERT,MANTANE,Elisabeth,03/04/96,4èmeA,"{'Math': [10.0, 11.0, 15.0, 12.0], 'Francais': [7.0, 12.0, 8.0, 13.0, 10.0], 'Anglais': [13.0, 5.0, 9.0, 15.0, 10.5], 'PC': [11.0, 9.0, 10.0], 'SVT': [12.0, 9.0, 16.0, 11.0, 12.0, 12.0], 'HG': [10.0, 13.0, 11.5]}",11.0
AFD006,2014TGR,MENDY,Marcelin,12/11/92,6èmeA,"{'Math': [4.0, 3.0, 5.0, 4.0], 'Francais': [15.0, 16.0, 14.0, 15.0], 'Anglais': [15.0, 16.0, 17.0, 16.0], 'PC': [4.0, 3.0, 7.0, 4.67], 'SVT': [12.0, 9.0, 10.0, 10.33], 'HG': [16.0, 15.0, 17.0, 16.0]}",11.0
AFD006,2020DFH,NDIAYE,Fatah,23/08/00,4èmeB,"{'PC': [11.0, 9.0, 10.0], 'Math': [12.0, 14.0, 5.0, 11.0, 13.0, 11.0], 'Francais': [14.0, 12.0, 13.0, 13.0], 'Anglais': [12.0, 8.0, 15.0, 11.67], 'SVT': [10.0, 9.0, 16.0, 13.0, 12.0, 12.0], 'HG': [10.0, 16.0, 13.0]}",11.78
AFD006,2018JKH,NDIAYE,Zeyna,23/06/98,4èmeA,"{'Math': [13.0, 11.0, 13.0, 12.33], 'PC': [13.0, 19.0, 14.0, 15.33], 'Francais': [12.0, 14.0, 14.0, 13.33], 'SVT': [15.0, 19.0, 15.0, 16.33], 'HG': [10.0, 18.0, 13.0, 13.67], 'Anglais': [11.0, 12.0, 11.0, 11.33]}",13.72
AKH014,2020UT6,SIHARAJ,SORPHAKA,11/09/02,6èmeB,"{'Math': [14.0, 12.0, 15.0, 13.67], 'Francais': [18.0, 6.0, 14.0, 12.67], 'Anglais': [15.0, 12.0, 12.0, 13.0], 'PC': [18.0, 13.0, 7.0, 12.67], 'SVT': [11.0, 19.0, 12.0, 14.0], 'HG': [13.0, 15.0, 12.0, 13.33]}",13.22
AKH014,2021IJ3,LEFRANC,LYDIE,04/06/01,4èmeB,"{'Math': [4.0, 3.0, 5.0, 4.0], 'Francais': [15.0, 16.0, 14.0, 15.0], 'Anglais': [15.0, 16.0, 17.0, 16.0], 'PC': [4.0, 3.0, 7.0, 4.67], 'SVT': [12.0, 9.0, 10.0, 10.33], 'HG': [16.0, 15.0, 17.0, 16.0]}",11.0
AKH014,1992I0E,MAHMOUD,ABDERRAHMAN,12/12/99,4èmeA,"{'Math': [10.0, 11.0, 15.0, 12.0], 'Francais': [7.0, 12.0, 8.0, 13.0, 10.0], 'Anglais': [13.0, 5.0, 9.0, 15.0, 10.5], 'PC': [11.0, 9.0, 10.0], 'SVT': [12.0, 9.0, 16.0, 11.0, 12.0, 12.0], 'HG': [10.0, 13.0, 11.5]}",11.0
AKH014,20L6TRA,MIMOUNI,MIMOUNI,12/07/97,6eme A,"{'Math': [4.0, 3.0, 5.0, 4.0], 'Francais': [15.0, 16.0, 14.0, 15.0], 'Anglais': [15.0, 16.0, 17.0, 16.0], 'PC': [4.0, 3.0, 7.0, 4.67], 'SVT': [12.0, 9.0, 10.0, 10.33], 'HG': [16.0, 15.0, 17.0, 16.0]}",11.0
AKH014,9OIM76T,GALEA,EMILIE,04/07/94,5eme A,"{'MATH': [18.0, 14.0, 20.0, 17.33], 'PC': [12.0, 13.0, 15.0, 13.33], 'SVT': [10.0, 13.0, 16.0, 13.0], 'FRANÇAIS': [10.0, 11.0, 14.0, 11.67], 'ANGLAIS': [11.0, 11.0, 20.0, 14.0], 'HG': [10.0, 12.0, 14.0, 12.0]}",13.55
AKH014,30NB45E,HAMAMA,MAVEL,07/01/98,3eme B,"{'MATH': [11.0, 14.0, 20.0, 15.0], 'PC': [12.0, 13.0, 15.0, 13.33], 'SVT': [10.0, 13.0, 16.0, 13.0], 'FRANÇAIS': [10.0, 11.0, 14.0, 11.67], 'ANGLAIS': [11.0, 11.0, 20.0, 14.0], 'HG': [10.0, 12.0, 14.0, 12.0]}",13.17
ALT020,CIDIE01,CISSE,Diégane,02/05/32,5emeA,"{'MATH': [15.0, 17.0, 20.0, 17.33], 'SVT': [11.0, 13.0, 10.0, 11.33], 'PC': [15.0, 12.0, 15.0, 14.0], 'ANGLAIS': [5.0, 12.0, 15.0, 10.67], 'FRANCAIS': [6.0, 11.0, 9.0, 8.67], 'HG': [1.0, 15.0, 18.0, 11.33], '': [11.33]}",10.48
ALT020,MN45LD5,SENGHOR,Mbegane,12/05/68,4emeA,"{'MATH': [19.0, 4.0, 8.0, 10.33], 'SVT': [12.0, 5.0, 16.0, 11.0], 'PC': [7.0, 13.0, 9.0, 9.67], 'ANGLAIS': [13.0, 17.0, 14.0, 14.67], 'FRANCAIS': [19.0, 17.0, 11.0, 15.67], 'HG': [15.0, 11.0, 12.0, 12.67], '': [12.67]}",10.57
ALT020,KF578FG,MARA,Souma,"17,11,1921",3emeA,"{'MATH': [11.0, 14.0, 16.0, 13.67], 'SVT': [7.0, 16.0, 20.0, 14.33], 'PC': [14.0, 12.0, 17.0, 14.33], 'ANGLAIS': [11.0, 6.0, 15.0, 10.67], 'FRANCAIS': [16.0, 11.0, 9.0, 12.0], 'HG': [8.0, 16.0, 10.0, 11.33], '': [11.33]}",10.9
ALT020,JROÙ457,CONDOUL,Sangoul,07|06|1945,6emeA,"{'MATH': [15.0, 10.0, 19.0, 14.67], 'SVT': [16.0, 13.0, 19.0, 16.0], 'PC': [16.0, 13.0, 10.0, 13.0], 'ANGLAIS': [15.0, 2.0, 16.0, 11.0], 'FRANCAIS': [15.0, 20.0, 11.0, 15.33], 'HG': [12.0, 13.0, 11.0, 12.0], '': [12.0]}",11.71
ALT020,VF14HGZ,TAMBEDOU,NiouKH,18/12/99,4emeB,"{'MATH': [10.0, 12.0, 11.0, 11.0], 'SVT': [5.0, 7.0, 11.0, 7.67], 'PC': [15.0, 5.0, 9.0, 9.67], 'ANGLAIS': [11.0, 16.0, 15.0, 14.0], 'FRANCAIS': [16.0, 11.0, 19.0, 15.33], 'HG': [11.0, 10.0, 18.0, 13.0], '': [13.0]}",10.1
ALT020,RTOP15K,SARR,Mbissine,01/12/96,5emeB,"{'MATH': [16.0, 16.0, 15.0, 15.67], 'SVT': [10.0, 13.0, 16.0, 13.0], 'PC': [10.0, 14.0, 18.0, 14.0], 'ANGLAIS': [15.0, 14.0, 15.0, 14.67], 'FRANCAIS': [11.0, 11.0, 16.0, 12.67], 'HG': [19.0, 16.0, 12.0, 15.67], '': [15.67]}",12.24
ALT020,FYHE142,DIOUF,MBathiou,14-25-13,6emeB,"{'MATH': [13.0, 18.0, 16.0, 15.67], 'SVT': [18.0, 19.0, 20.0, 19.0], 'PC': [17.0, 13.0, 14.0, 14.67], 'ANGLAIS': [15.0, 12.0, 14.0, 13.67], 'FRANCAIS': [9.0, 1.0, 19.0, 9.67], 'HG': [16.0, 11.0, 15.0, 14.0], '': [14.0]}",12.38
ALT020,HGKE145,DEME,Ndew,15/02/56,6emeB,"{'MATH': [15.0, 15.0, 16.0, 15.33], 'SVT': [17.0, 14.0, 15.0, 15.33], 'PC': [19.0, 12.0, 14.0, 15.0], 'ANGLAIS': [12.0, 10.0, 11.0, 11.0], 'FRANCAIS': [16.0, 13.0, 14.0, 14.33], 'HG': [13.0, 12.0, 14.0, 13.0], '': [13.0]}",12.0
ALT020,54BFH54,KOITA,Fatou,15/11/78,4emeB,"{'MATH': [14.0, 17.0, 16.0, 15.67], 'SVT': [15.0, 19.0, 13.0, 15.67], 'PC': [15.0, 16.0, 19.0, 16.67], 'ANGLAIS': [13.0, 19.0, 16.0, 16.0], 'FRANCAIS': [10.0, 11.0, 11.0, 10.67], 'HG': [13.0, 14.0, 11.0, 12.67], '': [12.67]}",12.48
ALT020,DF85FUJ,LABOU,Pon,17/06/02,5emeA,"{'MATH': [15.0, 17.0, 20.0, 17.33], 'SVT': [11.0, 9.0, 13.0, 11.0], 'PC': [18.0, 17.0, 5.0, 13.33], 'ANGLAIS': [15.0, 12.0, 15.0, 14.0], 'FRANCAIS': [16.0, 11.0, 19.0, 15.33], 'HG': [11.0, 15.0, 18.0, 14.67], '': [14.67]}",12.24
AMB001,12889HI,CAMARA,KAMOU,03/01/00,6eme A,"{'MATH': [12.0, 14.0, 20.0, 15.33], 'PC': [12.0, 13.0, 15.0, 13.33], 'SVT': [10.0, 13.0, 16.0, 13.0], 'FRANÇAIS': [10.0, 11.0, 14.0, 11.67], 'ANGLAIS': [11.0, 11.0, 20.0, 14.0], 'HG': [10.0, 12.0, 14.0, 12.0]}",13.22
AMB001,19937HH,JANN,KABOU,08/01/00,6eme A,"{'MATH': [17.0, 14.0, 20.0, 17.0], 'PC': [12.0, 13.0, 15.0, 13.33], 'SVT': [10.0, 13.0, 16.0, 13.0], 'FRANÇAIS': [10.0, 11.0, 14.0, 11.67], 'ANGLAIS': [11.0, 11.0, 20.0, 14.0], 'HG': [10.0, 12.0, 14.0, 12.0]}",13.5
AMD013,E7812Z3,DIOP,ALY,12/04/98,5emA,"{'': [0], 'Math': [14.0, 12.0, 10.0, 12.0, 12.0], 'PC': [12.0, 9.0, 12.0, 11.0], 'Francais': [14.0, 15.0, 14.5], 'SVT': [16.0, 17.0, 16.5], 'HG': [12.0, 16.0, 14.0, 14.0], 'Anglais': [13.0, 10.0, 11.0, 11.33]}",11.33
AMD013,Z781263,FAYE,FATOU,12/04/97,6emB,"{'': [0], 'Math': [13.0, 12.0, 13.0, 12.67], 'PC': [10.0, 9.0, 19.0, 12.67], 'Francais': [4.0, 10.0, 7.0], 'SVT': [12.0, 19.0, 7.0, 12.67], 'HG': [12.0, 10.0, 14.0, 12.0], 'Anglais': [3.0, 13.0, 15.0, 10.33]}",9.62
AMD013,Z7812Z3,DIOUF,MALICK,05:42:18,4emB,"{'': [0], 'HG': [11.0, 15.0, 18.0, 14.67], 'PC': [15.0, 18.0, 16.5], 'Francais': [12.0, 13.0, 11.0, 12.0], 'SVT': [13.0, 14.0, 15.0, 14.0], 'Math': [11.0, 16.0, 13.5], 'Anglais': [11.0, 14.0, 16.0, 13.67]}",12.05
AMD013,Z7812Z5,DIOUM,ALIOUNE,"12,12,2011",3emB,"{'PC': [11.0, 9.0, 10.0], 'Math': [12.0, 14.0, 5.0, 11.0, 13.0, 11.0], 'Francais': [4.0, 11.0, 13.0, 9.33], 'Anglais': [13.0, 8.0, 15.0, 12.0], 'SVT': [12.0, 9.0, 16.0, 11.0, 12.0, 12.0], 'HG': [11.0, 13.0, 12.0]}",11.05
AMD013,Z7812Z9,NDIAYE,MOUSSA,12 03 1999,3emA,"{'Math': [10.0, 11.0, 15.0, 12.0], 'Francais': [7.0, 9.0, 8.0, 13.0, 9.25], 'Anglais': [10.0, 5.0, 9.0, 15.0, 9.75], 'PC': [10.0, 11.0, 10.5], 'SVT': [12.0, 11.0, 16.0, 8.0, 12.0, 11.8], 'HG': [10.0, 10.0, 10.0]}",10.55
AMD013,Z7852Z3,FALL,MOUSTAPHA,09/09/12,6emB,"{'Math': [10.0, 11.0, 15.0, 12.0], 'Francais': [7.0, 9.0, 8.0, 13.0, 9.25], 'Anglais': [10.0, 5.0, 9.0, 15.0, 9.75], 'PC': [10.0, 11.0, 10.5], 'SVT': [12.0, 11.0, 16.0, 8.0, 12.0, 11.8], 'HG': [10.0, 10.0, 10.0]}",10.55
AMD013,Z7812Z7,MBAYE,IDRISSA,15 05 2011,4emA,"{'SVT': [15.0, 11.0, 11.0, 12.0, 12.25], 'HG': [6.0, 14.0, 16.0, 12.0], 'Math': [10.0, 12.0, 19.0, 11.0, 16.0, 13.6], 'Francais': [18.0, 11.0, 15.0, 14.67], 'Anglais': [8.0, 15.0, 15.0, 12.67], 'PC': [7.0, 11.0, 9.0, 9.0, 9.0]}",12.37
AMD013,Z7312Z3,TINE,SEYDOU,03/09/00,5emA,"{'Math': [10.0, 11.0, 15.0, 12.0], 'Francais': [7.0, 12.0, 8.0, 13.0, 10.0], 'Anglais': [13.0, 5.0, 9.0, 15.0, 10.5], 'PC': [11.0, 9.0, 10.0], 'SVT': [12.0, 9.0, 16.0, 11.0, 12.0, 12.0], 'HG': [10.0, 13.0, 11.5]}",11.0
AMD013,Z7832Z3,SANE,MOUSSA,29/12/01,5emA,"{'': [0], 'Math': [11.0, 11.0, 12.0, 11.33], 'PC': [11.0, 11.0, 12.0, 11.33], 'ANGLAIS': [10.0, 14.0, 15.0, 13.0], 'SVT': [11.0, 1.0, 14.0, 8.67], 'HG': [11.0, 13.0, 14.0, 12.67], 'Francais': [11.0, 15.0, 12.0, 12.67]}",9.95
AMD013,Z8812Z3,TOURE,OUMAR,29/11/01,5emB,"{'Math': [9.0, 10.0, 5.0, 10.0, 13.0, 12.0, 9.83], 'PC': [12.0, 19.0, 15.5], 'Francais': [10.0, 11.0, 13.0, 11.33], 'SVT': [15.0, 9.0, 16.0, 11.0, 12.0, 12.6], 'HG': [13.0, 13.0, 13.0], 'Anglais': [11.0, 12.0, 15.0, 12.67]}",12.49
AMG015,SONA001,FAYE,FATOU,12/04/93,6emA,"{'Math': [4.0, 3.0, 5.0, 4.0], 'Francais': [15.0, 16.0, 14.0, 15.0], 'Anglais': [15.0, 16.0, 17.0, 16.0], 'PC': [4.0, 3.0, 7.0, 4.67], 'SVT': [12.0, 9.0, 10.0, 10.33], 'HG': [16.0, 15.0, 17.0, 16.0]}",11.0
AMG015,SONA002,GAYE,THIERNO,14/02/92,6emB,"{'Math': [4.0, 3.0, 5.0, 4.0], 'Francais': [15.0, 16.0, 14.0, 15.0], 'Anglais': [15.0, 16.0, 17.0, 16.0], 'PC': [4.0, 3.0, 7.0, 4.67], 'SVT': [12.0, 9.0, 10.0, 10.33], 'HG': [16.0, 15.0, 17.0, 16.0]}",11.0
AMG015,SONA003,DIOP,YOUSSOU,12/06/94,5emA,"{'Math': [4.0, 3.0, 5.0, 4.0], 'Francais': [15.0, 16.0, 14.0, 15.0], 'Anglais': [15.0, 16.0, 17.0, 16.0], 'PC': [4.0, 3.0, 7.0, 4.67], 'SVT': [12.0, 9.0, 10.0, 10.33], 'HG': [16.0, 15.0, 17.0, 16.0]}",11.0
AMG015,SONA004,WAGNE,PETIT,12/07/95,5emB,"{'Math': [4.0, 3.0, 5.0, 4.0], 'Francais': [15.0, 16.0, 14.0, 15.0], 'Anglais': [15.0, 16.0, 17.0, 16.0], 'PC': [4.0, 3.0, 7.0, 4.67], 'SVT': [12.0, 9.0, 10.0, 10.33], 'HG': [16.0, 15.0, 17.0, 16.0]}",11.0
AMG015,SONA005,CISSE,GALAYE,04/03/95,4emA,"{'Math': [4.0, 3.0, 5.0, 4.0], 'Francais': [15.0, 16.0, 14.0, 15.0], 'Anglais': [15.0, 16.0, 17.0, 16.0], 'PC': [4.0, 3.0, 7.0, 4.67], 'SVT': [12.0, 9.0, 10.0, 10.33], 'HG': [16.0, 15.0, 17.0, 16.0]}",11.0
AMG015,SONA006,GOMIS,PATA,01/06/97,4emB,"{'Math': [4.0, 3.0, 5.0, 4.0], 'Francais': [15.0, 16.0, 14.0, 15.0], 'Anglais': [15.0, 16.0, 17.0, 16.0], 'PC': [4.0, 3.0, 7.0, 4.67], 'SVT': [12.0, 9.0, 10.0, 10.33], 'HG': [16.0, 15.0, 17.0, 16.0]}",11.0
AMG015,SONA007,SANE ,BALLA,09/09/99,3emA,"{'Math': [4.0, 3.0, 5.0, 4.0], 'Francais': [15.0, 16.0, 14.0, 15.0], 'Anglais': [15.0, 16.0, 17.0, 16.0], 'PC': [4.0, 3.0, 7.0, 4.67], 'SVT': [12.0, 9.0, 10.0, 10.33], 'HG': [16.0, 15.0, 17.0, 16.0]}",11.0
AMG015,SONA008,SAGNA,SADIO,06/06/99,3emB,"{'Math': [4.0, 3.0, 5.0, 4.0], 'Francais': [15.0, 16.0, 14.0, 15.0], 'Anglais': [15.0, 16.0, 17.0, 16.0], 'PC': [4.0, 3.0, 7.0, 4.67], 'SVT': [12.0, 9.0, 10.0, 10.33], 'HG': [16.0, 15.0, 17.0, 16.0]}",11.0
AMG015,SONA009,NIANG,MAREME,12/12/96,6emA,"{'Math': [4.0, 3.0, 5.0, 4.0], 'Francais': [15.0, 16.0, 14.0, 15.0], 'Anglais': [15.0, 16.0, 17.0, 16.0], 'PC': [4.0, 3.0, 7.0, 4.67], 'SVT': [12.0, 9.0, 10.0, 10.33], 'HG': [16.0, 15.0, 17.0, 16.0]}",11.0
AMG015,SONA010,FALL,KHADY,07-06-199Ç,6emB,"{'Math': [4.0, 3.0, 5.0, 4.0], 'Francais': [15.0, 16.0, 14.0, 15.0], 'Anglais': [15.0, 16.0, 17.0, 16.0], 'PC': [4.0, 3.0, 7.0, 4.67], 'SVT': [12.0, 9.0, 10.0, 10.33], 'HG': [16.0, 15.0, 17.0, 16.0]}",11.0
AMK016,A7723ML,Kane,Moussa,29/12/01,6emA,"{'': [0], 'Math': [14.0, 12.0, 10.0, 12.0, 12.0], 'PC': [12.0, 9.0, 12.0, 11.0], 'Francais': [14.0, 15.0, 14.5], 'SVT': [16.0, 17.0, 16.5], 'HG': [12.0, 16.0, 14.0, 14.0], 'Anglais': [13.0, 10.0, 11.0, 11.33]}",11.33
AMK016,Z7812Z3,Konimba,Mousona,12 12 2009,3emB,"{'': [0], 'Math': [12.0, 10.0, 19.0, 13.67], 'PC': [12.0, 12.0, 12.0], 'Francais': [14.0, 15.0, 12.0, 19.0, 15.0], 'SVT': [16.0, 18.0, 17.0, 17.0], 'HG': [18.0, 14.0, 16.0], 'Anglais': [18.0, 11.0, 14.5]}",12.6
AMK016,M770231,Ilimani,Mustapha,12/04/97,3emB,"{'': [0], 'Math': [10.0, 12.0, 12.0, 11.33], 'PC': [13.0, 19.0, 10.0, 14.0], 'Francais': [19.0, 12.0, 10.0, 13.67], 'SVT': [11.0, 16.0, 17.0, 14.67], 'HG': [11.0, 13.0, 19.0, 14.33], 'Anglais': [11.0, 19.0, 18.0, 16.0]}",12.0
AMK016,K771427,Sy,Malick,05:42:18,6emB,"{'': [0], 'Math': [12.0, 14.0, 11.0, 19.0, 14.0], 'PC': [10.0, 11.0, 13.0, 11.33], 'Francais': [10.0, 12.0, 11.0], 'SVT': [13.0, 19.0, 16.0], 'HG': [16.0, 14.0, 15.0], 'Anglais': [10.0, 17.0, 17.0, 14.67]}",11.71
AMK016,JH23GH3,Loum,Mamadou,"12,12,2011",3emA,"{'': [0], 'Math': [13.0, 12.0, 13.0, 12.67], 'PC': [10.0, 9.0, 19.0, 12.67], 'Francais': [4.0, 10.0, 7.0], 'SVT': [12.0, 19.0, 7.0, 12.67], 'HG': [12.0, 10.0, 14.0, 12.0], 'Anglais': [3.0, 13.0, 15.0, 10.33]}",9.62
AMK016,SX34AZ2,Gaye,Souleyni,12 03 1999,6emB,"{'': [0], 'Math': [10.0, 19.0, 10.0, 10.0, 12.25], 'PC': [10.0, 9.0, 10.0, 9.67], 'Francais': [10.0, 13.0, 11.5], 'SVT': [16.0, 10.0, 17.0, 14.33], 'HG': [2.0, 16.0, 13.0, 10.33], 'Anglais': [10.0, 11.0, 12.0, 11.0]}",9.87
AMK016,E9D45JJ,Hann,Cheikh,09/09/12,3emA,"{'': [0], 'Math': [13.0, 11.0, 13.0, 12.33], 'PC': [13.0, 19.0, 14.0, 15.33], 'Francais': [12.0, 14.0, 14.0, 13.33], 'SVT': [15.0, 19.0, 15.0, 16.33], 'HG': [10.0, 18.0, 13.0, 13.67], 'Anglais': [11.0, 12.0, 11.0, 20.0, 13.5]}",12.07
AMK016,HIE938J,Kane,Aliou,15 05 2011,6emB,"{'': [0], 'Math': [20.0, 20.0, 20.0, 20.0, 20.0], 'PC': [20.0, 20.0, 20.0, 20.0], 'Francais': [14.0, 12.0, 15.0, 13.67], 'SVT': [19.0, 19.0, 19.0, 19.0], 'HG': [7.0, 1.0, 10.0, 6.0], 'Anglais': [6.0, 13.0, 13.0, 10.67]}",12.76
AMK016,23JHNB2,Ngimbona,Charles,03/09/00,3emB,"{'': [0], 'Math': [11.0, 10.0, 9.0, 11.0, 10.25], 'PC': [11.0, 11.0, 9.0, 11.0, 10.5], 'Francais': [18.0, 19.0, 19.0, 17.0, 18.25], 'SVT': [1.0, 11.0, 6.0], 'HG': [19.0, 19.0, 19.0], 'Anglais': [19.0, 17.0, 19.0, 18.33]}",11.76
AMK016,HJ293D4,Ikouna,Mbalanga,01 01 2001,3emA,"{'': [0], 'Math': [13.0, 12.0, 10.0, 12.0, 11.75], 'PC': [12.0, 9.0, 12.0, 11.0], 'Francais': [14.0, 15.0, 14.5], 'SVT': [16.0, 17.0, 16.5], 'HG': [12.0, 16.0, 14.0, 14.0], 'Anglais': [13.0, 10.0, 11.0, 11.33]}",11.3
AOD010,DKZGS12,diop,Ousmane,                        1 fev 2004,        5emB,"{'': [0], 'Math': [14.0, 10.0, 12.0, 12.0], 'PC': [9.0, 12.0, 10.5], 'Francais': [14.0, 14.0, 15.0, 14.33], 'SVT': [16.0, 11.0, 17.0, 14.67], 'HG': [16.0, 14.0, 15.0], 'Anglais': [13.0, 10.0, 11.0, 11.33]}",11.12
AOD010,DLEDQDO,ndiaye,abdou,21/03/05,       4 emA,"{'': [0], 'HG': [11.0, 15.0, 18.0, 14.67], 'PC': [15.0, 18.0, 16.5], 'Francais': [12.0, 13.0, 11.0, 12.0], 'SVT': [13.0, 14.0, 15.0, 14.0], 'Math': [11.0, 16.0, 13.5], 'Anglais': [11.0, 14.0, 16.0, 13.67]}",12.05
AOD010,XSDEF12,gueye,fatou,03/04/05,        4emB,"{'': [0], 'HG': [12.0, 11.0, 11.5], 'SVT': [12.0, 10.0, 8.0, 10.0], 'Francais': [14.0, 11.0, 4.0, 9.67], 'PC': [10.0, 4.0, 9.0, 7.67], 'Math': [18.0, 19.0, 18.5], 'Anglais': [4.0, 8.0, 16.0, 9.33]}",9.52
AOD010,DEGLAC4,fall,saly,06/12/07,      6 em B,"{'': [0], 'HG': [13.0, 14.0, 13.5], 'SVT': [14.0, 13.0, 18.0, 15.0], 'Francais': [11.0, 12.0, 14.0, 12.33], 'PC': [12.0, 14.0, 10.0, 12.0], 'Math': [11.0, 12.0, 11.5], 'Anglais': [14.0, 18.0, 1.0, 11.0]}",10.76
AOD010,DZFXML5,Lo,amy,08/03/03,      3 em A,"{'': [0], 'HG': [13.0, 14.0, 13.5], 'SVT': [14.0, 13.0, 18.0, 15.0], 'Francais': [11.0, 12.0, 14.0, 12.33], 'PC': [12.0, 14.0, 10.0, 12.0], 'Math': [11.0, 12.0, 11.5], 'Anglais': [14.0, 18.0, 1.0, 11.0]}",10.76
AOD010,DZLSWQ7,sambe,salif,18/03/04,       3emA,"{'': [0], 'Math': [14.0, 10.0, 12.0, 12.0], 'PC': [14.0, 19.0, 12.0, 15.0], 'ANGLAIS': [10.0, 14.0, 15.0, 13.0], 'SVT': [15.0, 16.0, 11.0, 17.0, 14.75], 'HG': [12.0, 16.0, 14.0, 14.0], 'Francais': [15.0, 14.0, 18.0, 15.67]}",12.06
AOD010,LFNJESM,sambou,jean,19/05/06,       5em B,"{'': [0], 'SVT': [13.0, 15.0, 14.0], 'PC': [19.0, 20.0, 19.5], 'Anglais': [5.0, 9.0, 9.0, 7.67], 'Math': [18.0, 16.0, 17.0, 17.0], 'HG': [10.0, 11.0, 10.5], 'Francais': [13.0, 12.0, 10.0, 11.67]}",11.48
AOD010,JHDHRE8,sene,jeannette,20/12/07,       6em B,"{'': [0], 'Math': [11.0, 11.0, 12.0, 11.33], 'PC': [11.0, 11.0, 12.0, 11.33], 'ANGLAIS': [10.0, 14.0, 15.0, 13.0], 'SVT': [11.0, 1.0, 14.0, 8.67], 'HG': [11.0, 13.0, 14.0, 12.67], 'Francais': [11.0, 15.0, 12.0, 12.67]}",9.95
AOD010,JGRHFNE,sy,pathe,31 1 2006,       5 emA,"{'': [0], 'SVT': [12.0, 11.0, 11.5], 'PC': [12.0, 11.0, 11.5], 'Anglais': [15.0, 14.0, 12.0, 13.67], 'Math': [13.0, 13.0, 13.0], 'HG': [12.0, 14.0, 13.0], 'Francais': [14.0, 11.0, 14.0, 13.0]}",10.81
AOD010,LSXNEB0,gueye,modou,03/01/02,       3em B,"{'': [0], 'SVT': [13.0, 15.0, 14.0], 'PC': [19.0, 20.0, 19.5], 'Anglais': [5.0, 9.0, 9.0, 7.67], 'Math': [18.0, 16.0, 17.0, 17.0], 'HG': [10.0, 11.0, 10.5], 'Francais': [13.0, 12.0, 10.0, 11.67]}",11.48
ASK017,OKYLDC8,KANE,Ousmane,07/12/07,4em A,"{'Math': [12.0, 10.0, 11.0, 11.0], 'SVT': [9.0, 10.0, 8.0, 9.0], 'PC': [6.0, 10.0, 10.0, 8.67], 'Français': [15.0, 14.0, 15.0, 14.67], 'Anglais': [17.0, 16.0, 19.0, 17.33]}",12.13
ASK017,DKBLMT7,KONATE,Djiby,09/06/10,6em B,"{'Math': [17.0, 15.0, 16.0], 'HG': [15.0, 10.0, 14.0, 13.0], 'SVT': [14.0, 15.0, 12.0, 13.67], 'Français': [14.0, 15.0, 14.5], 'Anglais': [19.0, 17.0, 18.0]}",15.03
ASK017,CMGBDK9,MENDY,Christelle,11/10/06,3em B,"{'Math': [14.0, 18.0, 16.0, 16.0], 'PC': [17.0, 16.0, 16.5], 'SVT': [15.0, 19.0, 17.0], 'Français': [11.0, 9.0, 10.0, 10.0], 'HG': [8.0, 5.0, 12.0, 8.33], 'Anglais': [13.0, 15.0, 14.0]}",13.64
ASK017,YOSADK1,OUEDRAOGO,Yankoba,15/02/09,5em A,"{'Math': [10.0, 15.0, 12.5], 'SVT': [12.0, 11.0, 14.0, 12.33], 'HG': [13.0, 10.0, 15.0, 12.67], 'Anglais': [12.0, 17.0, 14.5], 'Français': [18.0, 14.0, 16.0, 16.0]}",13.6
ASK017,SFSADK2,FALL,Salimata,02/08/10,6em A,"{'Math': [13.0, 9.0, 11.0], 'SVT': [12.0, 16.0, 10.0, 12.67], 'HG': [17.0, 14.0, 15.0, 15.33], 'Anglais': [18.0, 17.0, 17.5], 'Français': [18.0, 15.0, 17.0, 16.67]}",14.63
ASK017,MDMTDK9,DIOP,Mamy,25/09/05,3em A,"{'Math': [9.0, 11.0, 13.0, 11.0, 11.0], 'PC': [13.0, 10.0, 11.5], 'SVT': [10.0, 15.0, 14.0, 12.0, 12.75], 'Anglais': [12.0, 16.0, 14.0], 'Français': [11.0, 13.0, 11.0, 11.67]}",12.18
ASK017,MTBFCA2,TAPSOBA,Mounkoudy,08/12/08,4em B,"{'Anglais': [12.0, 8.0, 10.0, 10.0], 'Math': [15.0, 18.0, 20.0, 17.67], 'PC': [10.0, 17.0, 16.0, 14.33], 'SVT': [19.0, 15.0, 17.0, 17.0], 'HG': [11.0, 14.0, 10.0, 11.67], 'Français': [6.0, 9.0, 11.0, 8.67]}",13.22
ASK017,DDPADK7,DIA,Dieynaba,01/05/08,4em B,"{'Math': [10.0, 10.0, 9.0, 9.67], 'PC': [12.0, 10.0, 12.0, 11.33], 'SVT': [5.0, 10.0, 13.0, 9.33], 'Français': [12.0, 16.0, 14.0, 14.0], 'Anglais': [14.0, 16.0, 19.0, 16.33]}",12.13
ASK017,ADBMML5,DIOGOSOUMA,Aliou,03/10/09,5em B,"{'Français': [15.0, 12.0, 13.5], 'Anglais': [16.0, 10.0, 16.0, 14.0], 'HG': [12.0, 18.0, 15.0], 'SVT': [17.0, 15.0, 16.0], 'Math': [15.0, 13.0, 18.0, 15.33]}",14.77
ASK017,ABHLMY1,BAOBEY,Angelline,18/03/06,3em A,"{'SVT': [16.0, 10.0, 17.0, 14.33], 'Math': [18.0, 15.0, 19.0, 17.33], 'PC': [17.0, 12.0, 17.0, 15.33], 'Français': [15.0, 13.0, 16.0, 14.67], 'HG': [12.0, 10.0, 15.0, 12.33], 'Anglais': [14.0, 18.0, 15.0, 15.67]}",14.94
BAD008,AF32IBC,FALL,OUSSEYOU,03/07/00,3em B,"{'Math': [13.0, 15.0, 16.0, 14.67], 'Francais': [10.0, 14.0, 13.0, 12.33], 'Anglais': [12.0, 9.0, 15.0, 11.0, 11.75], 'PC': [13.0, 10.0, 11.5], 'SVT': [14.0, 9.0, 12.0, 13.0, 12.0], 'HG': [13.0, 15.0, 14.0]}",12.71
BAD008,M60GRTL,TINE,SOKHNA,25/02/05,4em A,"{'Math': [8.0, 13.0, 10.0, 10.33], 'Francais': [10.0, 10.0, 13.0, 11.0], 'Anglais': [10.0, 11.0, 9.0, 7.0, 9.25], 'PC': [10.0, 8.0, 9.0], 'SVT': [11.0, 9.0, 10.0, 13.0, 10.75], 'HG': [12.0, 10.0, 11.0]}",10.22
BAD008,QNXKW09,SINE,MARIEME,29/08/08,5em B,"{'Math': [8.0, 12.0, 9.0, 9.67], 'Francais': [15.0, 10.0, 9.0, 11.33], 'Anglais': [12.0, 9.0, 12.0, 7.0, 10.0], 'PC': [11.0, 12.0, 11.5], 'SVT': [8.0, 11.0, 10.0, 9.0, 9.5], 'HG': [10.0, 11.0, 10.5]}",10.42
BAD008,G2NXW1L,DIOUF,MOUSTAPHA,05/07/01,4 em B,"{'Math': [10.0, 14.0, 12.0, 12.0], 'Francais': [10.0, 12.0, 12.0, 11.33], 'Anglais': [9.0, 10.0, 11.0, 10.0], 'PC': [11.0, 12.0, 11.5], 'SVT': [13.0, 12.0, 15.0, 13.33], 'HG': [15.0, 10.0, 12.5]}",11.78
BAD008,UPNCG78,KA,ALIOU,10/05/09,3em B,"{'Math': [9.0, 10.0, 5.0, 10.0, 13.0, 12.0, 9.83], 'PC': [12.0, 19.0, 15.5], 'Francais': [10.0, 11.0, 13.0, 11.33], 'SVT': [15.0, 9.0, 16.0, 11.0, 12.0, 12.6], 'HG': [13.0, 13.0, 13.0], 'Anglais': [11.0, 12.0, 15.0, 12.67]}",12.49
BAD008,WYI96BT,DIALLO,SEYNABOU,16/02/03,5em B,"{'Math': [8.0, 11.0, 9.0, 9.33], 'Francais': [12.0, 14.0, 13.0, 13.0], 'Anglais': [12.0, 9.0, 11.0, 10.67], 'PC': [16.0, 12.0, 14.0], 'SVT': [14.0, 9.0, 11.0, 14.0, 12.0], 'HG': [12.0, 14.0, 13.0]}",12.0
BAD008,FRTX54U,NDIAYE,FATOU,22/07/05,4em A,"{'Math': [12.0, 7.0, 10.0, 9.67], 'Francais': [13.0, 14.0, 9.0, 12.0], 'Anglais': [9.0, 11.0, 12.0, 10.67], 'PC': [15.0, 12.0, 13.5], 'SVT': [11.0, 10.0, 12.0, 13.0, 11.5], 'HG': [10.0, 14.0, 12.0]}",11.56
BAD008,LJQC67L,WADE,ASTOU,12/12/07,3em B,"{'Math': [13.0, 15.0, 16.0, 14.67], 'Francais': [10.0, 14.0, 13.0, 12.33], 'Anglais': [12.0, 9.0, 19.0, 11.0, 12.75], 'PC': [13.0, 10.0, 11.5], 'SVT': [14.0, 9.0, 12.0, 13.0, 12.0], 'HG': [11.0, 12.0, 11.5]}",12.46
BAD008,KFPB32H,SY,ADJA,02/08/02,6em A,"{'Math': [10.0, 11.0, 15.0, 12.0], 'Francais': [7.0, 9.0, 8.0, 13.0, 9.25], 'Anglais': [10.0, 5.0, 9.0, 15.0, 9.75], 'PC': [10.0, 11.0, 10.5], 'SVT': [12.0, 11.0, 16.0, 8.0, 12.0, 11.8], 'HG': [10.0, 10.0, 10.0]}",10.55
BAF013,GH43RTU,Ndao,Aram,16/02/00,3em A,"{'Math': [10.0, 11.0, 15.0, 12.0], 'Francais': [7.0, 12.0, 8.0, 13.0, 10.0], 'Anglais': [13.0, 5.0, 9.0, 15.0, 10.5], 'PC': [11.0, 9.0, 10.0], 'SVT': [12.0, 9.0, 16.0, 11.0, 12.0, 12.0], 'HG': [10.0, 13.0, 11.5]}",11.0
BAF013,PLM56DS,Gomis,Pipo,16/03/98,4em B,"{'Math': [8.0, 7.0, 10.0, 8.33], 'Francais': [15.0, 12.0, 9.0, 14.0, 12.5], 'Anglais': [13.0, 15.0, 19.0, 15.0, 15.5], 'PC': [11.0, 9.0, 10.0], 'SVT': [2.0, 9.0, 16.0, 11.0, 12.0, 10.0], 'HG': [10.0, 18.0, 14.0]}",11.72
BAF013,GF34KHS,Diouf,Ousseynou,03/12/92,5em A,"{'Math': [18.0, 17.0, 10.0, 15.0], 'Francais': [5.0, 13.0, 9.0, 14.0, 10.25], 'Anglais': [12.0, 5.0, 10.0, 14.0, 10.25], 'PC': [17.0, 9.0, 13.0], 'SVT': [12.0, 19.0, 15.0, 11.0, 12.0, 13.8], 'HG': [16.0, 18.0, 17.0]}",13.22
BAF013,JHGF7F5,Diop,Elimane,12/01/03,6em A,"{'Math': [9.0, 17.0, 10.0, 12.0], 'Francais': [12.0, 13.0, 8.0, 18.0, 12.75], 'Anglais': [3.0, 5.0, 10.0, 15.0, 8.25], 'PC': [17.0, 19.0, 18.0], 'SVT': [12.0, 19.0, 16.0, 13.0, 12.0, 14.4], 'HG': [14.0, 18.0, 16.0]}",13.57
BAF013,RED76BH,Cissé,Babacar,03/06/05,3em B,"{'Math': [8.0, 7.0, 10.0, 8.33], 'Francais': [15.0, 12.0, 9.0, 14.0, 12.5], 'Anglais': [13.0, 15.0, 19.0, 15.0, 15.5], 'PC': [11.0, 9.0, 10.0], 'SVT': [2.0, 9.0, 16.0, 11.0, 12.0, 10.0], 'HG': [10.0, 18.0, 14.0]}",11.72
BAF013,GF69LBC,Ba,Abdoulaye,09/02/92,3em A,"{'Math': [18.0, 17.0, 15.0, 16.67], 'Francais': [10.0, 1.0, 9.0, 12.0, 8.0], 'Anglais': [10.0, 11.0, 18.0, 15.0, 13.5], 'PC': [11.0, 9.0, 10.0], 'SVT': [12.0, 9.0, 13.0, 11.0, 12.0, 11.4], 'HG': [12.0, 19.0, 15.5]}",12.51
BAF013,ML09RDS,Diallo,Alioune,08/07/93,4em B,"{'Math': [9.0, 7.0, 11.0, 9.0], 'Francais': [11.0, 13.0, 19.0, 4.0, 11.75], 'Anglais': [12.0, 11.0, 10.0, 15.0, 12.0], 'PC': [10.0, 12.0, 11.0], 'SVT': [13.0, 7.0, 15.0, 16.0, 2.0, 10.6], 'HG': [11.0, 16.0, 13.5]}",11.31
BAF013,NBV76RD,Gueye,Abdalah,01/01/92,4em A,"{'Math': [12.0, 17.0, 0.0, 9.67], 'Francais': [12.0, 17.0, 12.0, 15.0, 14.0], 'Anglais': [13.0, 15.0, 19.0, 15.0, 15.5], 'PC': [11.0, 19.0, 15.0], 'SVT': [12.0, 8.0, 12.0, 11.0, 12.0, 11.0], 'HG': [10.0, 18.0, 14.0]}",13.2
BAF013,NB675DH,Dia,Hawa,07/07/97,5em B,"{'Math': [15.0, 12.0, 10.0, 12.33], 'Francais': [13.0, 16.0, 19.0, 19.0, 16.75], 'Anglais': [12.0, 13.0, 18.0, 15.0, 14.5], 'PC': [12.0, 19.0, 15.5], 'SVT': [2.0, 9.0, 17.0, 11.0, 2.0, 8.2], 'HG': [1.0, 15.0, 8.0]}",12.55
BAF013,MLHF65D,Guissé,Penda,04/04/94,3em A,"{'Math': [8.0, 7.0, 10.0, 8.33], 'Francais': [15.0, 12.0, 9.0, 14.0, 12.5], 'Anglais': [13.0, 15.0, 19.0, 15.0, 15.5], 'PC': [11.0, 9.0, 10.0], 'SVT': [2.0, 9.0, 16.0, 11.0, 12.0, 10.0], 'HG': [10.0, 18.0, 14.0]}",11.72
BMP019,IHFK34G,DIOUM,Harry,14/01/95,5e A,"{'SVT': [12.0, 19.0, 1.0, 4.0, 9.0], 'HG': [15.0, 11.0, 13.0], 'Math': [12.0, 14.0, 5.0, 11.0, 13.0, 11.0], 'Francais': [18.0, 11.0, 10.0, 13.0], 'Anglais': [17.0, 5.0, 15.0, 12.33], 'PC': [3.0, 15.0, 9.0, 9.0]}",11.22
BMP019,3FR5IJ9,DIALLO,Hermione,12/08/06,4em B,"{'SVT': [15.0, 11.0, 11.0, 12.0, 12.25], 'HG': [6.0, 14.0, 16.0, 12.0], 'Math': [10.0, 12.0, 19.0, 11.0, 16.0, 13.6], 'Francais': [18.0, 11.0, 15.0, 14.67], 'Anglais': [8.0, 15.0, 15.0, 12.67], 'PC': [7.0, 11.0, 9.0, 9.0, 9.0]}",12.37
BMP019,PM12NG7,DIOP,Marième,19/08/97,3eme A,"{'PC': [15.0, 11.0, 9.0, 11.67], 'Math': [12.0, 14.0, 5.0, 11.0, 13.0, 11.0], 'Francais': [4.0, 11.0, 13.0, 9.33], 'Anglais': [13.0, 8.0, 15.0, 12.0], 'SVT': [12.0, 9.0, 16.0, 11.0, 12.0, 12.0], 'HG': [11.0, 13.0, 12.0]}",11.33
BMP019,89HY6F5,DIALLO,Ronald,09/05/00,6 eme A,"{'Math': [10.0, 14.0, 5.0, 16.0, 11.25], 'PC': [11.0, 9.0, 10.0], 'Francais': [4.0, 11.0, 13.0, 9.33], 'SVT': [12.0, 9.0, 16.0, 11.0, 12.0, 12.0], 'HG': [10.0, 13.0, 11.5], 'Anglais': [13.0, 5.0, 15.0, 11.0]}",10.85
BMP019,5D7BKJ2,FALL,Magui,30/08/08,3em B,"{'Math': [10.0, 11.0, 15.0, 12.0], 'Francais': [7.0, 12.0, 8.0, 13.0, 10.0], 'Anglais': [13.0, 5.0, 9.0, 15.0, 10.5], 'PC': [11.0, 9.0, 10.0], 'SVT': [12.0, 9.0, 16.0, 11.0, 12.0, 12.0], 'HG': [10.0, 13.0, 11.5]}",11.0
BMP019,PK0I89K,CAMARA,Rachid,15/02/01,6emA,"{'PC': [11.0, 9.0, 10.0], 'Math': [12.0, 14.0, 5.0, 11.0, 13.0, 11.0], 'Francais': [14.0, 11.0, 13.0, 12.67], 'Anglais': [13.0, 8.0, 5.0, 8.67], 'SVT': [12.0, 9.0, 16.0, 11.0, 12.0, 12.0], 'HG': [11.0, 13.0, 12.0]}",11.06
BMP019,9F6J9TT,POUYE,Ousseynou,02/12/85,4em A,"{'Math': [10.0, 14.0, 5.0, 11.0, 15.0, 17.0, 12.0], 'PC': [11.0, 16.0, 16.0, 14.33], 'Francais': [16.0, 11.0, 13.0, 13.33], 'SVT': [12.0, 3.0, 17.0, 18.0, 12.0, 12.4], 'HG': [14.0, 12.0, 11.0, 12.33], 'Anglais': [13.0, 5.0, 15.0, 11.0]}",12.56
BMP019,6G6F9F1,DEME,Mahi,27/10/93,3 eme B,"{'PC': [11.0, 11.0, 9.0, 10.33], 'Math': [14.0, 15.0, 11.0, 13.0, 13.25], 'Francais': [14.0, 12.0, 13.0, 13.0], 'Anglais': [12.0, 8.0, 15.0, 11.67], 'SVT': [10.0, 9.0, 16.0, 13.0, 12.0, 12.0], 'HG': [10.0, 16.0, 13.0]}",12.21
BMP019,BH54JJ6,DUBOIS,Bachir,15/09/94,5 em A,"{'Math': [10.0, 15.0, 15.0, 13.33], 'Francais': [17.0, 9.0, 8.0, 13.0, 11.75], 'Anglais': [10.0, 5.0, 9.0, 15.0, 9.75], 'PC': [10.0, 13.0, 11.0, 11.33], 'SVT': [12.0, 11.0, 16.0, 8.0, 12.0, 11.8], 'HG': [10.0, 10.0, 10.0]}",11.33
